"Position","Name","Salary","GameInfo","AvgPointsPerGame"
"SP","Clayton Kershaw",12200,"Atl@LAD 10:10PM ET",20.539
"SP","Max Scherzer",11500,"Was@ChC 07:05PM ET",27.789
"SP","Felix Hernandez",11000,"Sea@TB 07:10PM ET",25.683
"SP","Chris Sale",10700,"CWS@Tor 07:07PM ET",18.788
"SP","David Price",10600,"Det@Oak 10:05PM ET",18.772
"SP","Stephen Strasburg",10200,"Was@ChC 07:05PM ET",10.106
"SP","Jacob deGrom",10000,"Phi@NYM 07:10PM ET",20.094
"SP","Cole Hamels",9900,"Phi@NYM 07:10PM ET",21.245
"SP","Matt Harvey",9900,"Phi@NYM 07:10PM ET",21.933
"SP","Corey Kluber",9800,"Tex@Cle 07:10PM ET",22.755
"SP","Johnny Cueto",9600,"Col@Cin 07:10PM ET",21.778
"SP","Madison Bumgarner",9600,"SF@Mil 08:10PM ET",19.494
"SP","Jon Lester",9500,"Was@ChC 07:05PM ET",17.206
"SP","Zack Greinke",9400,"Atl@LAD 10:10PM ET",22.472
"SP","Julio Teheran",9300,"Atl@LAD 10:10PM ET",14.867
"SP","Garrett Richards",9300,"SD@LAA 10:05PM ET",18.514
"SP","Jeff Samardzija",9100,"CWS@Tor 07:07PM ET",16.272
"SP","Danny Salazar",9100,"Tex@Cle 07:10PM ET",24.893
"SP","Jake Arrieta",9000,"Was@ChC 07:05PM ET",21.633
"SP","James Shields",8900,"SD@LAA 10:05PM ET",19.121
"SP","Alex Wood",8900,"Atl@LAD 10:10PM ET",11.819
"SP","Gio Gonzalez",8700,"Was@ChC 07:05PM ET",14.772
"SP","Jordan Zimmermann",8600,"Was@ChC 07:05PM ET",13.861
"SP","Tyson Ross",8600,"SD@LAA 10:05PM ET",17.400
"SP","Carlos Carrasco",8500,"Tex@Cle 07:10PM ET",17.744
"SP","Lance Lynn",8500,"Ari@StL 08:15PM ET",19.244
"SP","Mike Fiers",8500,"SF@Mil 08:10PM ET",14.511
"SP","CC Sabathia",8300,"KC@NYY 07:05PM ET",12.661
"SP","Francisco Liriano",8300,"Mia@Pit 07:05PM ET",19.217
"SP","Homer Bailey",8300,"Col@Cin 07:10PM ET",2.750
"SP","Gerrit Cole",8300,"Mia@Pit 07:05PM ET",21.265
"SP","Sonny Gray",8300,"Det@Oak 10:05PM ET",22.370
"SP","Phil Hughes",8100,"Bos@Min 08:10PM ET",13.044
"SP","Anibal Sanchez",8000,"Det@Oak 10:05PM ET",13.515
"SP","Ian Kennedy",8000,"SD@LAA 10:05PM ET",10.414
"SP","A.J. Burnett",7800,"Mia@Pit 07:05PM ET",21.839
"SP","Andrew Cashner",7800,"SD@LAA 10:05PM ET",15.820
"SP","Michael Wacha",7800,"Ari@StL 08:15PM ET",18.506
"SP","John Lackey",7700,"Ari@StL 08:15PM ET",14.733
"SP","Clay Buchholz",7700,"Bos@Min 08:10PM ET",16.228
"RP","Yusmeiro Petit",7600,"SF@Mil 08:10PM ET",4.043
"SP","Chris Archer",7600,"Sea@TB 07:10PM ET",22.280
"SP","Jose Quintana",7600,"CWS@Tor 07:07PM ET",13.700
"SP","Yordano Ventura",7600,"KC@NYY 07:05PM ET",13.583
"SP","Matt Cain",7500,"SF@Mil 08:10PM ET",0
"SP","Jered Weaver",7500,"SD@LAA 10:05PM ET",12.875
"SP","Kyle Hendricks",7500,"Was@ChC 07:05PM ET",13.694
"SP","Michael Pineda",7400,"KC@NYY 07:05PM ET",20.172
"SP","Collin McHugh",7400,"Hou@Bal 07:05PM ET",16.372
"SP","Matt Shoemaker",7300,"SD@LAA 10:05PM ET",12.444
"SP","C.J. Wilson",7200,"SD@LAA 10:05PM ET",15.283
"SP","Scott Kazmir",7200,"Det@Oak 10:05PM ET",17.544
"SP","J.A. Happ",7200,"Sea@TB 07:10PM ET",15.288
"SP","Wily Peralta",7200,"SF@Mil 08:10PM ET",11.122
"SP","Jake Odorizzi",7200,"Sea@TB 07:10PM ET",19.425
"SP","Drew Hutchison",7200,"CWS@Tor 07:07PM ET",13.950
"SP","Kyle Lohse",7100,"SF@Mil 08:10PM ET",10.046
"SP","Jason Hammel",7100,"Was@ChC 07:05PM ET",20.994
"SP","Trevor Bauer",7100,"Tex@Cle 07:10PM ET",17.530
"SP","Chad Billingsley",7000,"Phi@NYM 07:10PM ET",3.467
"SP","Jonathon Niese",7000,"Phi@NYM 07:10PM ET",11.072
"SP","Jaime Garcia",7000,"Ari@StL 08:15PM ET",11.750
"SP","Wei-Yin Chen",7000,"Hou@Bal 07:05PM ET",15.133
"SP","Shelby Miller",7000,"Atl@LAD 10:10PM ET",22.978
"SP","Taijuan Walker",7000,"Sea@TB 07:10PM ET",6.683
"RP","Rafael Montero",7000,"Phi@NYM 07:10PM ET",6.020
"SP","Tim Lincecum",6900,"SF@Mil 08:10PM ET",14.830
"SP","James Paxton",6900,"Sea@TB 07:10PM ET",14.728
"SP","Dallas Keuchel",6900,"Hou@Bal 07:05PM ET",21.400
"SP","Noah Syndergaard",6900,"Phi@NYM 07:10PM ET",15.933
"SP","Bartolo Colon",6800,"Phi@NYM 07:10PM ET",16.035
"SP","Jesse Chavez",6800,"Det@Oak 10:05PM ET",12.685
"SP","Mike Leake",6800,"Col@Cin 07:10PM ET",11.700
"SP","Andrew Heaney",6800,"SD@LAA 10:05PM ET",0
"SP","Carlos Martinez",6800,"Ari@StL 08:15PM ET",16.160
"SP","Henry Owens",6800,"Bos@Min 08:10PM ET",0
"SP","Roenis Elias",6800,"Sea@TB 07:10PM ET",17.400
"SP","Colby Lewis",6700,"Tex@Cle 07:10PM ET",16.433
"SP","Rick Porcello",6700,"Bos@Min 08:10PM ET",14.106
"RP","Liam Hendriks",6700,"CWS@Tor 07:07PM ET",4.097
"SP","R.A. Dickey",6600,"CWS@Tor 07:07PM ET",9.383
"SP","Yovani Gallardo",6600,"Tex@Cle 07:10PM ET",12.650
"SP","Wade Miley",6600,"Bos@Min 08:10PM ET",11.294
"SP","Tsuyoshi Wada",6600,"Was@ChC 07:05PM ET",19.650
"SP","Jorge De La Rosa",6500,"Col@Cin 07:10PM ET",10.208
"SP","Dan Haren",6500,"Mia@Pit 07:05PM ET",15.989
"RP","Tanner Roark",6500,"Was@ChC 07:05PM ET",3.414
"SP","Jimmy Nelson",6500,"SF@Mil 08:10PM ET",15.706
"SP","Tony Cingrani",6500,"Col@Cin 07:10PM ET",3.147
"SP","Tim Hudson",6400,"SF@Mil 08:10PM ET",8.278
"SP","Brett Anderson",6300,"Atl@LAD 10:10PM ET",12.300
"SP","Mark Buehrle",6200,"CWS@Tor 07:07PM ET",9.661
"SP","Charlie Morton",6200,"Mia@Pit 07:05PM ET",16.950
"SP","Ubaldo Jimenez",6200,"Hou@Bal 07:05PM ET",17.238
"SP","Miguel Gonzalez",6200,"Hou@Bal 07:05PM ET",15.656
"SP","Matt Garza",6200,"SF@Mil 08:10PM ET",9.667
"SP","Nathan Eovaldi",6200,"KC@NYY 07:05PM ET",12.878
"SP","Henderson Alvarez",6200,"Mia@Pit 07:05PM ET",3.813
"SP","Aaron Harang",6100,"Phi@NYM 07:10PM ET",18.620
"SP","Wandy Rodriguez",6100,"Tex@Cle 07:10PM ET",15.367
"SP","Edinson Volquez",6100,"KC@NYY 07:05PM ET",16.644
"SP","Travis Wood",6100,"Was@ChC 07:05PM ET",7.182
"SP","Vance Worley",6100,"Mia@Pit 07:05PM ET",7.983
"SP","Anthony DeSclafani",6100,"Col@Cin 07:10PM ET",14.000
"SP","Mike Bolsinger",6100,"Atl@LAD 10:10PM ET",24.100
"SP","Rubby De La Rosa",6100,"Ari@StL 08:15PM ET",18.128
"SP","Marco Gonzales",6100,"Ari@StL 08:15PM ET",0
"SP","Jason Vargas",6000,"KC@NYY 07:05PM ET",8.990
"SP","Hector Santiago",6000,"SD@LAA 10:05PM ET",18.178
"SP","Alex Meyer",6000,"Bos@Min 08:10PM ET",0
"SP","Ricky Nolasco",5900,"Bos@Min 08:10PM ET",13.008
"SP","Scott Feldman",5900,"Hou@Bal 07:05PM ET",10.722
"SP","Jeremy Hellickson",5900,"Ari@StL 08:15PM ET",9.889
"SP","Josh Collmenter",5900,"Ari@StL 08:15PM ET",9.267
"SP","Tom Koehler",5900,"Mia@Pit 07:05PM ET",12.955
"RP","Mike Foltynewicz",5900,"Atl@LAD 10:10PM ET",16.870
"SP","Ryan Vogelsong",5800,"SF@Mil 08:10PM ET",10.539
"RP","Marco Estrada",5800,"CWS@Tor 07:07PM ET",8.615
"SP","Chris Tillman",5800,"Hou@Bal 07:05PM ET",7.700
"SP","Trevor May",5800,"Bos@Min 08:10PM ET",12.206
"SP","Jesse Hahn",5800,"Det@Oak 10:05PM ET",13.639
"SP","Jeff Locke",5700,"Mia@Pit 07:05PM ET",11.088
"SP","Joe Wieland",5700,"Atl@LAD 10:10PM ET",-3.500
"SP","Daniel Hudson",5700,"Ari@StL 08:15PM ET",3.507
"SP","Shane Greene",5700,"Det@Oak 10:05PM ET",12.435
"SP","Jeremy Guthrie",5600,"KC@NYY 07:05PM ET",4.483
"SP","Eric Stults",5600,"Atl@LAD 10:10PM ET",8.125
"SP","Nathan Karns",5600,"Sea@TB 07:10PM ET",15.439
"SP","Hector Noesi",5600,"CWS@Tor 07:07PM ET",5.814
"SP","Brett Oberholtzer",5600,"Hou@Bal 07:05PM ET",6.550
"SP","Alex Colome",5600,"Sea@TB 07:10PM ET",11.910
"SP","John Danks",5500,"CWS@Tor 07:07PM ET",10.250
"SP","Jordan Lyles",5500,"Col@Cin 07:10PM ET",7.285
"OF","Mike Trout",5500,"SD@LAA 10:05PM ET",10.022
"SP","Aaron Sanchez",5500,"CWS@Tor 07:07PM ET",11.822
"SP","Raisel Iglesias",5500,"Col@Cin 07:10PM ET",9.310
"SP","Edwin Jackson",5400,"Was@ChC 07:05PM ET",3.205
"OF","Andrew McCutchen",5400,"Mia@Pit 07:05PM ET",8.140
"SP","Kyle Gibson",5400,"Bos@Min 08:10PM ET",13.283
"SP","Chase Anderson",5400,"Ari@StL 08:15PM ET",14.917
"RP","Matt Barnes",5400,"Bos@Min 08:10PM ET",4.625
"RP","Carlos Rodon",5400,"CWS@Tor 07:07PM ET",8.608
"1B","Edwin Encarnacion",5300,"CWS@Tor 07:07PM ET",8.277
"SS","Troy Tulowitzki",5300,"Col@Cin 07:10PM ET",6.000
"1B","Paul Goldschmidt",5300,"Ari@StL 08:15PM ET",11.568
"SP","Tyler Lyons",5300,"Ari@StL 08:15PM ET",11.150
"OF","Bryce Harper",5300,"Was@ChC 07:05PM ET",11.756
"SP","Jon Gray",5300,"Col@Cin 07:10PM ET",0
"SP","Odrisamer Despaigne",5300,"SD@LAA 10:05PM ET",4.478
"1B/3B","Miguel Cabrera",5200,"Det@Oak 10:05PM ET",9.978
"OF","Michael Brantley",5200,"Tex@Cle 07:10PM ET",9.632
"SP","Sean O'Sullivan",5200,"Phi@NYM 07:10PM ET",11.200
"SP","Trevor Cahill",5200,"Atl@LAD 10:10PM ET",0.804
"SP","Joe Kelly",5200,"Bos@Min 08:10PM ET",9.894
"SP","Justin Nicolino",5200,"Mia@Pit 07:05PM ET",0
"OF","Alex Rios",5100,"KC@NYY 07:05PM ET",10.286
"SP","Alfredo Simon",5100,"Det@Oak 10:05PM ET",16.556
"OF","Nelson Cruz",5100,"Sea@TB 07:10PM ET",10.795
"RP","Ross Ohlendorf",5100,"Tex@Cle 07:10PM ET",2.813
"2B","Jason Kipnis",5100,"Tex@Cle 07:10PM ET",9.614
"SP","David Buchanan",5100,"Phi@NYM 07:10PM ET",0.420
"OF","Starling Marte",5100,"Mia@Pit 07:05PM ET",8.791
"SP","Erasmo Ramirez",5100,"Sea@TB 07:10PM ET",5.192
"SP","Nick Martinez",5100,"Tex@Cle 07:10PM ET",14.661
"SP","Kendall Graveman",5100,"Det@Oak 10:05PM ET",5.810
"RP","Shaun Marcum",5000,"Tex@Cle 07:10PM ET",12.683
"SP","Arnold Leon",5000,"Det@Oak 10:05PM ET",2.663
"SP","Chris Heston",5000,"SF@Mil 08:10PM ET",14.333
"3B","Nolan Arenado",5000,"Col@Cin 07:10PM ET",8.214
"SP","Blake Treinen",5000,"Was@ChC 07:05PM ET",4.212
"SP","Archie Bradley",5000,"Ari@StL 08:15PM ET",9.792
"SP","Lance McCullers",5000,"Hou@Bal 07:05PM ET",18.100
"OF","Jose Bautista",4900,"CWS@Tor 07:07PM ET",8.225
"OF/SS","Hanley Ramirez",4900,"Bos@Min 08:10PM ET",7.756
"OF","Giancarlo Stanton",4900,"Mia@Pit 07:05PM ET",9.444
"1B","Anthony Rizzo",4900,"Was@ChC 07:05PM ET",10.568
"1B","Jose Abreu",4900,"CWS@Tor 07:07PM ET",7.805
"SP","Adam Warren",4900,"KC@NYY 07:05PM ET",10.319
"OF","Carlos Gomez",4800,"SF@Mil 08:10PM ET",8.714
"OF","Matt Holliday",4700,"Ari@StL 08:15PM ET",7.786
"3B","Pablo Sandoval",4700,"Bos@Min 08:10PM ET",6.425
"OF","Jacoby Ellsbury",4700,"KC@NYY 07:05PM ET",9.000
"OF","Alex Gordon",4700,"KC@NYY 07:05PM ET",7.475
"1B/C","Buster Posey",4700,"SF@Mil 08:10PM ET",7.721
"2B","Brian Dozier",4700,"Bos@Min 08:10PM ET",9.326
"OF","George Springer",4700,"Hou@Bal 07:05PM ET",8.750
"SP","Christian Bergman",4700,"Col@Cin 07:10PM ET",4.845
"1B","David Ortiz",4600,"Bos@Min 08:10PM ET",6.439
"SP","Jason Marquis",4600,"Col@Cin 07:10PM ET",7.710
"SP","Jerome Williams",4600,"Phi@NYM 07:10PM ET",7.844
"1B","Mike Napoli",4600,"Bos@Min 08:10PM ET",7.050
"SP","Roberto Hernandez",4600,"Hou@Bal 07:05PM ET",9.333
"OF","Hunter Pence",4600,"SF@Mil 08:10PM ET",9.900
"1B","Kendrys Morales",4600,"KC@NYY 07:05PM ET",9.091
"OF","Lorenzo Cain",4600,"KC@NYY 07:05PM ET",8.575
"OF","Ryan Braun",4600,"SF@Mil 08:10PM ET",9.182
"1B/3B","Todd Frazier",4600,"Col@Cin 07:10PM ET",9.721
"3B","Josh Donaldson",4600,"CWS@Tor 07:07PM ET",9.191
"1B","Eric Hosmer",4600,"KC@NYY 07:05PM ET",9.341
"2B","Dee Gordon",4600,"Mia@Pit 07:05PM ET",9.651
"3B/OF","Josh Harrison",4600,"Mia@Pit 07:05PM ET",6.525
"2B/3B","Anthony Rendon",4600,"Was@ChC 07:05PM ET",0
"3B","Matt Carpenter",4600,"Ari@StL 08:15PM ET",10.150
"OF","J.D. Martinez",4600,"Det@Oak 10:05PM ET",7.711
"SP","Chris Young",4500,"KC@NYY 07:05PM ET",11.840
"1B","Prince Fielder",4500,"Tex@Cle 07:10PM ET",9.622
"1B/OF","Brandon Moss",4500,"Tex@Cle 07:10PM ET",7.125
"OF","Denard Span",4500,"Was@ChC 07:05PM ET",9.357
"OF","Adam Jones",4500,"Hou@Bal 07:05PM ET",7.952
"SP","Radhames Liz",4500,"Mia@Pit 07:05PM ET",4.164
"1B","Brandon Belt",4500,"SF@Mil 08:10PM ET",7.375
"1B","Lucas Duda",4500,"Phi@NYM 07:10PM ET",7.756
"SS","Brandon Crawford",4500,"SF@Mil 08:10PM ET",7.978
"2B","Jose Altuve",4500,"Hou@Bal 07:05PM ET",8.978
"RP","Carlos Frias",4500,"Atl@LAD 10:10PM ET",7.557
"SP","Steve Geltz",4500,"Sea@TB 07:10PM ET",3.811
"OF","Corey Dickerson",4500,"Col@Cin 07:10PM ET",6.939
"SP","Robbie Ray",4500,"Ari@StL 08:15PM ET",22.500
"3B","Kris Bryant",4500,"Was@ChC 07:05PM ET",9.861
"SP","Mike Wright",4500,"Hou@Bal 07:05PM ET",24.825
"OF","Rajai Davis",4400,"Det@Oak 10:05PM ET",7.364
"1B","Joey Votto",4400,"Col@Cin 07:10PM ET",8.349
"SS","Jhonny Peralta",4400,"Ari@StL 08:15PM ET",7.933
"SS","Ian Desmond",4400,"Was@ChC 07:05PM ET",6.422
"OF","Brett Gardner",4400,"KC@NYY 07:05PM ET",8.950
"OF","Justin Upton",4400,"SD@LAA 10:05PM ET",10.133
"OF","Avisail Garcia",4400,"CWS@Tor 07:07PM ET",6.975
"3B","Manny Machado",4400,"Hou@Bal 07:05PM ET",8.429
"OF","Mookie Betts",4400,"Bos@Min 08:10PM ET",7.500
"SP","Tim Cooney",4400,"Ari@StL 08:15PM ET",0.450
"OF","Rusney Castillo",4400,"Bos@Min 08:10PM ET",3.667
"1B","Albert Pujols",4300,"SD@LAA 10:05PM ET",6.714
"OF","Jayson Werth",4300,"Was@ChC 07:05PM ET",6.185
"1B","Mark Teixeira",4300,"KC@NYY 07:05PM ET",8.721
"C","Russell Martin",4300,"CWS@Tor 07:07PM ET",8.171
"2B","Ian Kinsler",4300,"Det@Oak 10:05PM ET",7.717
"1B/3B","Ryan Zimmerman",4300,"Was@ChC 07:05PM ET",7.178
"OF","Jay Bruce",4300,"Col@Cin 07:10PM ET",6.738
"SS","Jed Lowrie",4300,"Hou@Bal 07:05PM ET",9.167
"1B/C","Carlos Santana",4300,"Tex@Cle 07:10PM ET",7.780
"SP","Mike Pelfrey",4300,"Bos@Min 08:10PM ET",10.956
"1B/3B","Chris Davis",4300,"Hou@Bal 07:05PM ET",7.000
"3B/OF","Jimmy Paredes",4300,"Hou@Bal 07:05PM ET",9.677
"SP","Taylor Jordan",4300,"Was@ChC 07:05PM ET",0
"OF","Charlie Blackmon",4300,"Col@Cin 07:10PM ET",8.571
"SP","David Phelps",4300,"Mia@Pit 07:05PM ET",10.700
"SP","Eddie Butler",4300,"Col@Cin 07:10PM ET",6.472
"SP","Jake Buchanan",4300,"Hou@Bal 07:05PM ET",6.225
"OF","Kole Calhoun",4300,"SD@LAA 10:05PM ET",7.262
"OF","Yoenis Cespedes",4300,"Det@Oak 10:05PM ET",7.500
"OF","Torii Hunter",4200,"Bos@Min 08:10PM ET",8.150
"3B","Adrian Beltre",4200,"Tex@Cle 07:10PM ET",7.089
"SS","Jose Reyes",4200,"CWS@Tor 07:07PM ET",6.059
"3B","David Wright",4200,"Phi@NYM 07:10PM ET",8.500
"OF","Carlos Gonzalez",4200,"Col@Cin 07:10PM ET",5.415
"SP","Kyle Kendrick",4200,"Col@Cin 07:10PM ET",6.178
"SS","Alcides Escobar",4200,"KC@NYY 07:05PM ET",7.057
"OF","Nori Aoki",4200,"SF@Mil 08:10PM ET",8.182
"1B/C","Wilin Rosario",4200,"Col@Cin 07:10PM ET",5.160
"OF","A.J. Pollock",4200,"Ari@StL 08:15PM ET",8.209
"OF","Billy Hamilton",4200,"Col@Cin 07:10PM ET",7.744
"SP","Severino Gonzalez",4200,"Phi@NYM 07:10PM ET",7.063
"3B","Alex Rodriguez",4100,"KC@NYY 07:05PM ET",8.310
"OF","Carlos Beltran",4100,"KC@NYY 07:05PM ET",6.081
"1B","Victor Martinez",4100,"Det@Oak 10:05PM ET",4.853
"1B","Joe Mauer",4100,"Bos@Min 08:10PM ET",7.023
"2B","Dustin Pedroia",4100,"Bos@Min 08:10PM ET",7.182
"OF","Dexter Fowler",4100,"Was@ChC 07:05PM ET",8.721
"1B/OF","Chris Carter",4100,"Hou@Bal 07:05PM ET",5.750
"3B","Evan Longoria",4100,"Sea@TB 07:10PM ET",7.239
"OF","Steven Souza Jr.",4100,"Sea@TB 07:10PM ET",7.186
"SP","Brad Hand",4100,"Mia@Pit 07:05PM ET",2.939
"C","Yan Gomes",4100,"Tex@Cle 07:10PM ET",2.833
"C/OF","Evan Gattis",4100,"Hou@Bal 07:05PM ET",6.628
"OF","Jorge Soler",4100,"Was@ChC 07:05PM ET",6.682
"SP","Bruce Chen",4000,"Tex@Cle 07:10PM ET",-3.275
"RP","Jason Grilli",4000,"Atl@LAD 10:10PM ET",3.369
"RP","Randy Choate",4000,"Ari@StL 08:15PM ET",1.067
"RP","Joe Beimel",4000,"Sea@TB 07:10PM ET",1.681
"RP","Joaquin Benoit",4000,"SD@LAA 10:05PM ET",3.598
"RP","Rafael Betancourt",4000,"Col@Cin 07:10PM ET",3.622
"RP","Jeremy Affeldt",4000,"SF@Mil 08:10PM ET",0.260
"RP","Fernando Rodney",4000,"Sea@TB 07:10PM ET",2.066
"RP","Oliver Perez",4000,"Ari@StL 08:15PM ET",1.073
"RP","Francisco Rodriguez",4000,"SF@Mil 08:10PM ET",3.925
"1B","Justin Morneau",4000,"Col@Cin 07:10PM ET",6.222
"RP","Ryan Madson",4000,"KC@NYY 07:05PM ET",3.906
"RP","Javier Lopez",4000,"SF@Mil 08:10PM ET",1.457
"SP","Chris Capuano",4000,"KC@NYY 07:05PM ET",6.050
"RP","Jason Frasor",4000,"KC@NYY 07:05PM ET",2.550
"RP","Blaine Boyer",4000,"Bos@Min 08:10PM ET",2.161
"RP","Chad Qualls",4000,"Hou@Bal 07:05PM ET",3.347
"C","Yadier Molina",4000,"Ari@StL 08:15PM ET",5.475
"RP","Neal Cotts",4000,"SF@Mil 08:10PM ET",1.982
"RP","Santiago Casilla",4000,"SF@Mil 08:10PM ET",3.352
"RP","Nick Masset",4000,"Atl@LAD 10:10PM ET",1.888
"RP","Jim Johnson",4000,"Atl@LAD 10:10PM ET",2.955
"RP","Craig Breslow",4000,"Bos@Min 08:10PM ET",2.859
"SP","Joe Blanton",4000,"KC@NYY 07:05PM ET",6.525
"RP","Kevin Jepsen",4000,"Sea@TB 07:10PM ET",2.532
"RP","Zach Duke",4000,"CWS@Tor 07:07PM ET",2.972
"RP","Sergio Santos",4000,"Atl@LAD 10:10PM ET",2.941
"RP","Manny Parra",4000,"Col@Cin 07:10PM ET",0.786
"RP","Jonathan Broxton",4000,"SF@Mil 08:10PM ET",1.886
"RP","Jean Machi",4000,"SF@Mil 08:10PM ET",1.768
"RP","Pat Neshek",4000,"Hou@Bal 07:05PM ET",3.145
"RP","Carlos Villanueva",4000,"Ari@StL 08:15PM ET",7.236
"RP","Jumbo Diaz",4000,"Col@Cin 07:10PM ET",2.503
"RP","Joakim Soria",4000,"Det@Oak 10:05PM ET",3.348
"RP","Dale Thayer",4000,"SD@LAA 10:05PM ET",2.282
"RP","Tom Wilhelmsen",4000,"Sea@TB 07:10PM ET",5.771
"RP","Scott Atchison",4000,"Tex@Cle 07:10PM ET",1.567
"RP","Matt Belisle",4000,"Ari@StL 08:15PM ET",2.508
"RP","Jason Motte",4000,"Was@ChC 07:05PM ET",1.657
"RP","Jonathan Papelbon",4000,"Phi@NYM 07:10PM ET",3.839
"RP","Brad Ziegler",4000,"Ari@StL 08:15PM ET",2.907
"RP","Tom Gorzelanny",4000,"Det@Oak 10:05PM ET",2.656
"RP","Matt Thornton",4000,"Was@ChC 07:05PM ET",1.494
"RP","Tim Stauffer",4000,"Bos@Min 08:10PM ET",-0.181
"OF","Matt Kemp",4000,"SD@LAA 10:05PM ET",6.717
"RP","Tyler Clippard",4000,"Det@Oak 10:05PM ET",3.150
"RP","Pedro Strop",4000,"Was@ChC 07:05PM ET",2.978
"RP","Boone Logan",4000,"Col@Cin 07:10PM ET",2.358
"RP","Alexi Ogando",4000,"Bos@Min 08:10PM ET",2.997
"RP","Fernando Rodriguez",4000,"Det@Oak 10:05PM ET",2.050
"RP","Jake McGee",4000,"Sea@TB 07:10PM ET",6.050
"RP","Carlos Torres",4000,"Phi@NYM 07:10PM ET",2.377
"RP","Casey Janssen",4000,"Was@ChC 07:05PM ET",2.875
"RP","Brandon Kintzler",4000,"SF@Mil 08:10PM ET",1.364
"RP","Ryan Webb",4000,"Tex@Cle 07:10PM ET",4.767
"RP","Mark Lowe",4000,"Sea@TB 07:10PM ET",2.978
"RP","Ryan Mattheus",4000,"Col@Cin 07:10PM ET",2.800
"3B","Trevor Plouffe",4000,"Bos@Min 08:10PM ET",7.690
"RP","Glen Perkins",4000,"Bos@Min 08:10PM ET",3.321
"RP","Wade Davis",4000,"KC@NYY 07:05PM ET",4.292
"SP","Franklin Morales",4000,"KC@NYY 07:05PM ET",2.982
"RP","J.P. Howell",4000,"Atl@LAD 10:10PM ET",2.200
"RP","Huston Street",4000,"SD@LAA 10:05PM ET",3.719
"RP","Tony Sipp",4000,"Hou@Bal 07:05PM ET",4.109
"RP","Steve Delabar",4000,"CWS@Tor 07:07PM ET",3.721
"2B/3B","Luis Valbuena",4000,"Hou@Bal 07:05PM ET",7.073
"RP","Xavier Cedeno",4000,"Sea@TB 07:10PM ET",2.003
"RP","Mike Dunn",4000,"Mia@Pit 07:05PM ET",1.771
"OF","Michael Saunders",4000,"CWS@Tor 07:07PM ET",4.222
"RP","Cesar Ramos",4000,"SD@LAA 10:05PM ET",2.003
"RP","Aaron Thompson",4000,"Bos@Min 08:10PM ET",2.039
"RP","Burke Badenhop",4000,"Col@Cin 07:10PM ET",0.325
"RP","Sergio Romo",4000,"SF@Mil 08:10PM ET",2.486
"RP","Brian Duensing",4000,"Bos@Min 08:10PM ET",0.409
"RP","Chaz Roe",4000,"Hou@Bal 07:05PM ET",8.500
"RP","Ernesto Frieri",4000,"Sea@TB 07:10PM ET",2.287
"RP","Kenley Jansen",4000,"Atl@LAD 10:10PM ET",5.850
"RP","Joe Thatcher",4000,"Hou@Bal 07:05PM ET",2.159
"RP","James Russell",4000,"Was@ChC 07:05PM ET",1.965
"RP","Vin Mazzaro",4000,"Mia@Pit 07:05PM ET",7.300
"RP","Luke Hochevar",4000,"KC@NYY 07:05PM ET",1.236
"RP","Andrew Miller",4000,"KC@NYY 07:05PM ET",5.079
"RP","Jeremy Jeffress",4000,"SF@Mil 08:10PM ET",2.686
"RP","Darren O'Day",4000,"Hou@Bal 07:05PM ET",3.358
"RP","Bryan Morris",4000,"Mia@Pit 07:05PM ET",2.259
"RP","Brooks Brown",4000,"Col@Cin 07:10PM ET",1.925
"RP","Joba Chamberlain",4000,"Det@Oak 10:05PM ET",1.953
"SP","Steven Wright",4000,"Bos@Min 08:10PM ET",11.025
"RP","Zach Britton",4000,"Hou@Bal 07:05PM ET",3.533
"RP","Joe Smith",4000,"SD@LAA 10:05PM ET",3.271
"SP","Zach McAllister",4000,"Tex@Cle 07:10PM ET",4.639
"RP","Jared Hughes",4000,"Mia@Pit 07:05PM ET",2.557
"RP","Chris Hatcher",4000,"Atl@LAD 10:10PM ET",1.831
"RP","George Kontos",4000,"SF@Mil 08:10PM ET",3.000
"RP","Dellin Betances",4000,"KC@NYY 07:05PM ET",6.152
"RP","Will Harris",4000,"Hou@Bal 07:05PM ET",5.733
"RP","Mark Melancon",4000,"Mia@Pit 07:05PM ET",1.917
"RP","Vinnie Pestano",4000,"SD@LAA 10:05PM ET",1.990
"RP","David Carpenter",4000,"KC@NYY 07:05PM ET",1.478
"RP","Angel Castro",4000,"Det@Oak 10:05PM ET",1.338
"RP","Tony Watson",4000,"Mia@Pit 07:05PM ET",3.715
"SP","Scott Carroll",4000,"CWS@Tor 07:07PM ET",3.525
"OF","Josh Reddick",4000,"Det@Oak 10:05PM ET",9.200
"RP","David Robertson",4000,"CWS@Tor 07:07PM ET",5.558
"RP","Sam Dyson",4000,"Mia@Pit 07:05PM ET",3.831
"RP","Brad Boxberger",4000,"Sea@TB 07:10PM ET",4.431
"RP","Luke Gregerson",4000,"Hou@Bal 07:05PM ET",2.853
"RP","Neftali Feliz",4000,"Tex@Cle 07:10PM ET",2.068
"RP","Hector Rondon",4000,"Was@ChC 07:05PM ET",2.970
"RP","Miguel Socolovich",4000,"Ari@StL 08:15PM ET",5.093
"RP","Alex Torres",4000,"Phi@NYM 07:10PM ET",3.143
"RP","Antonio Bastardo",4000,"Mia@Pit 07:05PM ET",1.394
"RP","Jeanmar Gomez",4000,"Phi@NYM 07:10PM ET",1.888
"RP","Al Alburquerque",4000,"Det@Oak 10:05PM ET",1.822
"RP","Esmil Rogers",4000,"KC@NYY 07:05PM ET",4.489
"RP","Fernando Salas",4000,"SD@LAA 10:05PM ET",2.197
"RP","John Axford",4000,"Col@Cin 07:10PM ET",2.413
"C","Matt Wieters",4000,"Hou@Bal 07:05PM ET",0
"RP","Dan Otero",4000,"Det@Oak 10:05PM ET",2.281
"RP","Brett Cecil",4000,"CWS@Tor 07:07PM ET",2.782
"RP","Nick Hagadone",4000,"Tex@Cle 07:10PM ET",2.039
"RP","Brandon Gomes",4000,"Sea@TB 07:10PM ET",3.290
"RP","Justin De Fratus",4000,"Phi@NYM 07:10PM ET",2.540
"RP","Shawn Kelley",4000,"SD@LAA 10:05PM ET",2.023
"RP","Marc Rzepczynski",4000,"Tex@Cle 07:10PM ET",1.536
"RP","Tommy Hunter",4000,"Hou@Bal 07:05PM ET",2.709
"RP","Steve Cishek",4000,"Mia@Pit 07:05PM ET",1.526
"RP","Josh Fields",4000,"Hou@Bal 07:05PM ET",4.988
"RP","Greg Holland",4000,"KC@NYY 07:05PM ET",2.745
"RP","Ryan Pressly",4000,"Bos@Min 08:10PM ET",3.444
"RP","Charlie Furbush",4000,"Sea@TB 07:10PM ET",1.514
"RP","Michael Blazek",4000,"SF@Mil 08:10PM ET",4.778
"RP","Chad Bettis",4000,"Col@Cin 07:10PM ET",14.433
"RP","Justin Grimm",4000,"Was@ChC 07:05PM ET",4.278
"RP","Hunter Strickland",4000,"SF@Mil 08:10PM ET",10.575
"RP","Mitch Harris",4000,"Ari@StL 08:15PM ET",1.455
"RP","Sam Freeman",4000,"Tex@Cle 07:10PM ET",1.300
"RP","Tommy Layne",4000,"Bos@Min 08:10PM ET",2.070
"RP","Evan Scribner",4000,"Det@Oak 10:05PM ET",3.830
"RP","Jake Diekman",4000,"Phi@NYM 07:10PM ET",1.535
"RP","Luis Garcia",4000,"Phi@NYM 07:10PM ET",2.461
"C","Salvador Perez",4000,"KC@NYY 07:05PM ET",6.643
"RP","Fernando Abad",4000,"Det@Oak 10:05PM ET",0.488
"RP","J.C. Ramirez",4000,"Ari@StL 08:15PM ET",3.950
"SP","Juan Nicasio",4000,"Atl@LAD 10:10PM ET",5.629
"SP","Jose Alvarez",4000,"SD@LAA 10:05PM ET",3.303
"RP","Brian Matusz",4000,"Hou@Bal 07:05PM ET",2.989
"SP","Christian Friedrich",4000,"Col@Cin 07:10PM ET",2.468
"SP","Tanner Scheppers",4000,"Tex@Cle 07:10PM ET",1.778
"RP","Craig Kimbrel",4000,"SD@LAA 10:05PM ET",2.789
"RP","Justin Wilson",4000,"KC@NYY 07:05PM ET",1.500
"RP","Zach Putnam",4000,"CWS@Tor 07:07PM ET",3.197
"RP","Anthony Bass",4000,"Tex@Cle 07:10PM ET",3.443
"RP","Will Smith",4000,"SF@Mil 08:10PM ET",3.084
"RP","Dan Jennings",4000,"CWS@Tor 07:07PM ET",1.762
"RP","Blaine Hardy",4000,"Det@Oak 10:05PM ET",2.716
"RP","Danny Farquhar",4000,"Sea@TB 07:10PM ET",1.736
"RP","J.J. Hoover",4000,"Col@Cin 07:10PM ET",3.084
"RP","Brad Brach",4000,"Hou@Bal 07:05PM ET",5.338
"RP","Aaron Barrett",4000,"Was@ChC 07:05PM ET",3.186
"RP","Brandon Maurer",4000,"SD@LAA 10:05PM ET",3.135
"RP","Cory Mazzoni",4000,"SD@LAA 10:05PM ET",-1.350
"RP","Michael Tonkin",4000,"Bos@Min 08:10PM ET",1.500
"RP","Randall Delgado",4000,"Ari@StL 08:15PM ET",3.189
"RP","Kelvin Herrera",4000,"KC@NYY 07:05PM ET",3.097
"RP","Bryan Shaw",4000,"Tex@Cle 07:10PM ET",1.509
"SP","Yohan Flande",4000,"Col@Cin 07:10PM ET",0.700
"RP","Jeurys Familia",4000,"Phi@NYM 07:10PM ET",3.773
"RP","Luis Avilan",4000,"Atl@LAD 10:10PM ET",2.173
"RP","Arquimedes Caminero",4000,"Mia@Pit 07:05PM ET",2.621
"RP","Kevin Siegrist",4000,"Ari@StL 08:15PM ET",3.457
"SP","Oliver Drake",4000,"Hou@Bal 07:05PM ET",7.900
"RP","Koji Uehara",4000,"Bos@Min 08:10PM ET",4.072
"RP","Junichi Tazawa",4000,"Bos@Min 08:10PM ET",2.891
"RP","Drew Storen",4000,"Was@ChC 07:05PM ET",4.140
"RP","Alex Wilson",4000,"Det@Oak 10:05PM ET",4.938
"OF","Wil Myers",4000,"SD@LAA 10:05PM ET",9.152
"RP","Rob Scahill",4000,"Mia@Pit 07:05PM ET",3.957
"RP","Aaron Loup",4000,"CWS@Tor 07:07PM ET",1.975
"RP","Ryan Tepera",4000,"CWS@Tor 07:07PM ET",3.780
"RP","A.J. Ramos",4000,"Mia@Pit 07:05PM ET",4.252
"RP","Trevor Rosenthal",4000,"Ari@StL 08:15PM ET",4.117
"RP","Zac Rosscup",4000,"Was@ChC 07:05PM ET",2.587
"RP","Jake Petricka",4000,"CWS@Tor 07:07PM ET",1.421
"OF","Oswaldo Arcia",4000,"Bos@Min 08:10PM ET",5.368
"RP","Enrique Burgos",4000,"Ari@StL 08:15PM ET",4.212
"RP","Ken Giles",4000,"Phi@NYM 07:10PM ET",2.919
"RP","Paco Rodriguez",4000,"Atl@LAD 10:10PM ET",1.524
"SP","Andre Rienzo",4000,"Mia@Pit 07:05PM ET",0
"RP","Angel Nesbitt",4000,"Det@Oak 10:05PM ET",2.247
"RP","Williams Perez",4000,"Atl@LAD 10:10PM ET",9.050
"RP","Jose Urena",4000,"Mia@Pit 07:05PM ET",-0.825
"RP","Hansel Robles",4000,"Phi@NYM 07:10PM ET",3.080
"RP","Yimi Garcia",4000,"Atl@LAD 10:10PM ET",4.338
"RP","Frank Garces",4000,"SD@LAA 10:05PM ET",1.658
"RP","Aroldis Chapman",4000,"Col@Cin 07:10PM ET",4.405
"RP","Ian Thomas",4000,"Atl@LAD 10:10PM ET",2.520
"RP","Seth Maness",4000,"Ari@StL 08:15PM ET",1.390
"RP","Scott Oberg",4000,"Col@Cin 07:10PM ET",2.241
"RP","Erik Goeddel",4000,"Phi@NYM 07:10PM ET",2.953
"RP","Shawn Tolleson",4000,"Tex@Cle 07:10PM ET",4.010
"RP","Matt Grace",4000,"Was@ChC 07:05PM ET",2.579
"RP","Cam Bedrosian",4000,"SD@LAA 10:05PM ET",0.033
"RP","Addison Reed",4000,"Ari@StL 08:15PM ET",1.894
"SP","Michael Lorenzen",4000,"Col@Cin 07:10PM ET",5.492
"RP","Heath Hembree",4000,"Bos@Min 08:10PM ET",-2.775
"RP","Chasen Shreve",4000,"KC@NYY 07:05PM ET",4.036
"SP","Chase Whitley",4000,"KC@NYY 07:05PM ET",11.325
"RP","Cody Allen",4000,"Tex@Cle 07:10PM ET",2.603
"RP","Scott Copeland",4000,"CWS@Tor 07:07PM ET",2.175
"RP","Adam Liberatore",4000,"Atl@LAD 10:10PM ET",3.492
"RP","Alex Claudio",4000,"Tex@Cle 07:10PM ET",2.275
"RP","Brandon Cunniff",4000,"Atl@LAD 10:10PM ET",3.397
"RP","Jack Leathersich",4000,"Phi@NYM 07:10PM ET",2.679
"RP","J.R. Graham",4000,"Bos@Min 08:10PM ET",2.815
"RP","Roberto Osuna",4000,"CWS@Tor 07:07PM ET",4.568
"RP","Andrew Chafin",4000,"Ari@StL 08:15PM ET",3.033
"RP","Sean Gilmartin",4000,"Phi@NYM 07:10PM ET",1.859
"RP","Carter Capps",4000,"Mia@Pit 07:05PM ET",11.900
"RP","Carson Smith",4000,"Sea@TB 07:10PM ET",3.893
"RP","Kevin Quackenbush",4000,"SD@LAA 10:05PM ET",3.508
"RP","Jacob Lindgren",4000,"KC@NYY 07:05PM ET",7.300
"RP","Elvis Araujo",4000,"Phi@NYM 07:10PM ET",2.150
"RP","Phil Klein",4000,"Tex@Cle 07:10PM ET",1.800
"RP","Keone Kela",4000,"Tex@Cle 07:10PM ET",3.175
"RP","Brandon Finnegan",4000,"KC@NYY 07:05PM ET",6.350
"OF","Yasiel Puig",4000,"Atl@LAD 10:10PM ET",7.455
"RP","Corey Knebel",4000,"SF@Mil 08:10PM ET",5.850
"2B","Brandon Phillips",3900,"Col@Cin 07:10PM ET",6.780
"1B","Adrian Gonzalez",3900,"Atl@LAD 10:10PM ET",9.884
"OF","Shane Victorino",3900,"Bos@Min 08:10PM ET",4.909
"C","John Jaso",3900,"Sea@TB 07:10PM ET",2.000
"OF","Colby Rasmus",3900,"Hou@Bal 07:05PM ET",6.537
"3B","Chase Headley",3900,"KC@NYY 07:05PM ET",6.500
"2B","Daniel Murphy",3900,"Phi@NYM 07:10PM ET",5.957
"3B","Mike Moustakas",3900,"KC@NYY 07:05PM ET",7.976
"C","Travis d'Arnaud",3900,"Phi@NYM 07:10PM ET",8.727
"1B/3B","Pedro Alvarez",3900,"Mia@Pit 07:05PM ET",7.293
"2B","Kolten Wong",3900,"Ari@StL 08:15PM ET",7.844
"2B/3B","DJ LeMahieu",3900,"Col@Cin 07:10PM ET",7.049
"OF","Marcell Ozuna",3900,"Mia@Pit 07:05PM ET",6.318
"3B/SS","Xander Bogaerts",3900,"Bos@Min 08:10PM ET",6.310
"2B","Joe Panik",3900,"SF@Mil 08:10PM ET",6.674
"SS","Carlos Correa",3900,"Hou@Bal 07:05PM ET",0
"3B/OF","Yasmany Tomas",3900,"Ari@StL 08:15PM ET",6.194
"1B/OF","Michael Cuddyer",3800,"Phi@NYM 07:10PM ET",6.326
"OF","Marlon Byrd",3800,"Col@Cin 07:10PM ET",7.293
"C","Dioner Navarro",3800,"CWS@Tor 07:07PM ET",6.000
"OF","Alejandro De Aza",3800,"Hou@Bal 07:05PM ET",5.862
"OF","Curtis Granderson",3800,"Phi@NYM 07:10PM ET",6.478
"OF","Michael Bourn",3800,"Tex@Cle 07:10PM ET",5.122
"2B/OF","Ben Zobrist",3800,"Det@Oak 10:05PM ET",7.143
"1B/OF","Mark Trumbo",3800,"Ari@StL 08:15PM ET",7.436
"1B/OF","Steve Pearce",3800,"Hou@Bal 07:05PM ET",5.500
"OF","Austin Jackson",3800,"Sea@TB 07:10PM ET",6.080
"3B","Lonnie Chisenhall",3800,"Tex@Cle 07:10PM ET",4.951
"C","Jonathan Lucroy",3800,"SF@Mil 08:10PM ET",3.417
"3B","Jake Lamb",3800,"Ari@StL 08:15PM ET",9.500
"OF","Gregory Polanco",3800,"Mia@Pit 07:05PM ET",6.814
"3B/SS","Miguel Sano",3800,"Bos@Min 08:10PM ET",0
"SS","Francisco Lindor",3800,"Tex@Cle 07:10PM ET",0
"OF","Byron Buxton",3800,"Bos@Min 08:10PM ET",0
"SS","Jung Ho Kang",3800,"Mia@Pit 07:05PM ET",6.032
"OF","Coco Crisp",3700,"Det@Oak 10:05PM ET",2.692
"OF","Shin-soo Choo",3700,"Tex@Cle 07:10PM ET",7.825
"1B","Ryan Howard",3700,"Phi@NYM 07:10PM ET",7.571
"SS","Erick Aybar",3700,"SD@LAA 10:05PM ET",5.778
"2B","Howie Kendrick",3700,"Atl@LAD 10:10PM ET",7.395
"C","Brian McCann",3700,"KC@NYY 07:05PM ET",7.297
"OF/SS","Mike Aviles",3700,"Tex@Cle 07:10PM ET",6.160
"OF","Melky Cabrera",3700,"CWS@Tor 07:07PM ET",5.357
"1B","Adam Lind",3700,"SF@Mil 08:10PM ET",7.023
"1B/OF","Kyle Blanks",3700,"Tex@Cle 07:10PM ET",8.733
"3B/SS","Eduardo Nunez",3700,"Bos@Min 08:10PM ET",6.250
"OF","Jarrod Dyson",3700,"KC@NYY 07:05PM ET",4.167
"C","Wilson Ramos",3700,"Was@ChC 07:05PM ET",6.333
"OF","David Peralta",3700,"Ari@StL 08:15PM ET",5.878
"OF","Jason Heyward",3700,"Ari@StL 08:15PM ET",6.500
"1B","Freddie Freeman",3700,"Atl@LAD 10:10PM ET",8.205
"C","Jason Castro",3700,"Hou@Bal 07:05PM ET",5.941
"SS","Jordy Mercer",3700,"Mia@Pit 07:05PM ET",3.639
"2B/SS","Wilmer Flores",3700,"Phi@NYM 07:10PM ET",6.268
"SS","Jean Segura",3700,"SF@Mil 08:10PM ET",6.676
"2B/SS","Nick Franklin",3700,"Sea@TB 07:10PM ET",2.286
"OF/SS","Danny Santana",3700,"Bos@Min 08:10PM ET",5.590
"2B/3B","Jonathan Schoop",3700,"Hou@Bal 07:05PM ET",6.800
"OF","Christian Yelich",3700,"Mia@Pit 07:05PM ET",4.724
"OF","Joc Pederson",3700,"Atl@LAD 10:10PM ET",8.545
"OF","Kevin Kiermaier",3700,"Sea@TB 07:10PM ET",5.488
"OF","Preston Tucker",3700,"Hou@Bal 07:05PM ET",7.429
"2B/SS","Dilson Herrera",3700,"Phi@NYM 07:10PM ET",4.900
"OF","Carl Crawford",3600,"Atl@LAD 10:10PM ET",4.667
"1B","Adam LaRoche",3600,"CWS@Tor 07:07PM ET",5.975
"1B/OF","Michael Morse",3600,"Mia@Pit 07:05PM ET",4.081
"OF","Angel Pagan",3600,"SF@Mil 08:10PM ET",6.067
"2B","Robinson Cano",3600,"Sea@TB 07:10PM ET",5.705
"2B","Neil Walker",3600,"Mia@Pit 07:05PM ET",6.405
"OF","Travis Snider",3600,"Hou@Bal 07:05PM ET",4.875
"OF","Jon Jay",3600,"Ari@StL 08:15PM ET",4.500
"3B","David Freese",3600,"SD@LAA 10:05PM ET",6.689
"SS","Alexei Ramirez",3600,"CWS@Tor 07:07PM ET",5.500
"SS","Starlin Castro",3600,"Was@ChC 07:05PM ET",6.432
"3B","Kyle Seager",3600,"Sea@TB 07:10PM ET",7.000
"1B","Matt Adams",3600,"Ari@StL 08:15PM ET",5.405
"OF","Adam Eaton",3600,"CWS@Tor 07:07PM ET",5.711
"3B","Maikel Franco",3600,"Phi@NYM 07:10PM ET",8.182
"2B","Devon Travis",3600,"CWS@Tor 07:07PM ET",8.694
"2B","Chase Utley",3500,"Phi@NYM 07:10PM ET",5.310
"1B/OF","Nick Swisher",3500,"Tex@Cle 07:10PM ET",4.474
"1B","James Loney",3500,"Sea@TB 07:10PM ET",5.710
"OF","Chris Young",3500,"KC@NYY 07:05PM ET",4.900
"2B/3B","Aaron Hill",3500,"Ari@StL 08:15PM ET",5.194
"OF","Seth Smith",3500,"Sea@TB 07:10PM ET",5.838
"3B/SS","Yunel Escobar",3500,"Was@ChC 07:05PM ET",6.902
"SS","Elvis Andrus",3500,"Tex@Cle 07:10PM ET",6.111
"OF","Scott Van Slyke",3500,"Atl@LAD 10:10PM ET",4.515
"OF","Desmond Jennings",3500,"Sea@TB 07:10PM ET",5.211
"OF","Juan Lagares",3500,"Phi@NYM 07:10PM ET",5.714
"C","Devin Mesoraco",3500,"Col@Cin 07:10PM ET",2.435
"OF","Ben Revere",3500,"Phi@NYM 07:10PM ET",6.435
"1B/C","Stephen Vogt",3500,"Det@Oak 10:05PM ET",8.419
"SS","Didi Gregorius",3500,"KC@NYY 07:05PM ET",4.846
"1B","Ben Paulsen",3500,"Col@Cin 07:10PM ET",7.875
"OF","Ender Inciarte",3500,"Ari@StL 08:15PM ET",7.250
"3B/OF","Nick Castellanos",3500,"Det@Oak 10:05PM ET",5.800
"2B/SS","Jose Ramirez",3500,"Tex@Cle 07:10PM ET",5.444
"3B","Aramis Ramirez",3400,"SF@Mil 08:10PM ET",5.405
"SS","Jimmy Rollins",3400,"Atl@LAD 10:10PM ET",6.465
"2B","Omar Infante",3400,"KC@NYY 07:05PM ET",5.051
"C","Robinson Chirinos",3400,"Tex@Cle 07:10PM ET",6.571
"SS","J.J. Hardy",3400,"Hou@Bal 07:05PM ET",4.688
"OF","Gregor Blanco",3400,"SF@Mil 08:10PM ET",5.054
"OF","Melvin Upton Jr.",3400,"SD@LAA 10:05PM ET",0
"2B/OF","Emilio Bonifacio",3400,"CWS@Tor 07:07PM ET",1.750
"2B/3B","Martin Prado",3400,"Mia@Pit 07:05PM ET",6.133
"2B/SS","Asdrubal Cabrera",3400,"Sea@TB 07:10PM ET",5.116
"OF","Brandon Barnes",3400,"Col@Cin 07:10PM ET",7.571
"C","Anthony Recker",3400,"Phi@NYM 07:10PM ET",4.615
"C","Francisco Cervelli",3400,"Mia@Pit 07:05PM ET",5.912
"C","Nick Hundley",3400,"Col@Cin 07:10PM ET",6.848
"1B/OF","Chris Colabello",3400,"CWS@Tor 07:07PM ET",9.400
"C","Michael McKenry",3400,"Col@Cin 07:10PM ET",5.100
"OF","Khris Davis",3400,"SF@Mil 08:10PM ET",6.119
"OF","Brandon Guyer",3400,"Sea@TB 07:10PM ET",5.553
"2B/3B","Christian Colon",3400,"KC@NYY 07:05PM ET",4.429
"OF","Ezequiel Carrera",3400,"CWS@Tor 07:07PM ET",4.571
"1B","Yonder Alonso",3400,"SD@LAA 10:05PM ET",7.192
"OF","Anthony Gose",3400,"Det@Oak 10:05PM ET",8.000
"C","Christian Vazquez",3400,"Bos@Min 08:10PM ET",0
"OF","Leonys Martin",3400,"Tex@Cle 07:10PM ET",5.500
"OF","Randal Grichuk",3400,"Ari@StL 08:15PM ET",5.563
"OF","Jake Marisnick",3400,"Hou@Bal 07:05PM ET",6.326
"3B/SS","Marcus Semien",3400,"Det@Oak 10:05PM ET",7.745
"2B/OF","Delino DeShields",3400,"Tex@Cle 07:10PM ET",7.452
"2B/SS","Jurickson Profar",3400,"Tex@Cle 07:10PM ET",0
"OF","Kevin Pillar",3400,"CWS@Tor 07:07PM ET",5.957
"2B/SS","Matt Duffy",3400,"SF@Mil 08:10PM ET",5.727
"2B/SS","Addison Russell",3400,"Was@ChC 07:05PM ET",6.267
"1B/OF","Garrett Jones",3300,"KC@NYY 07:05PM ET",3.091
"OF","Nate McLouth",3300,"Was@ChC 07:05PM ET",0
"OF","David DeJesus",3300,"Sea@TB 07:10PM ET",6.000
"OF","Delmon Young",3300,"Hou@Bal 07:05PM ET",5.032
"1B","Billy Butler",3300,"Det@Oak 10:05PM ET",6.739
"OF","Jordan Schafer",3300,"Bos@Min 08:10PM ET",2.821
"OF","Jose Tabata",3300,"Mia@Pit 07:05PM ET",2.800
"1B/OF","Logan Morrison",3300,"Sea@TB 07:10PM ET",6.256
"OF","Chris Coghlan",3300,"Was@ChC 07:05PM ET",5.614
"SS","Zack Cozart",3300,"Col@Cin 07:10PM ET",7.075
"1B","Mitch Moreland",3300,"Tex@Cle 07:10PM ET",6.933
"C","Derek Norris",3300,"SD@LAA 10:05PM ET",6.932
"OF","Aaron Hicks",3300,"Bos@Min 08:10PM ET",4.417
"2B/3B","Brett Lawrie",3300,"Det@Oak 10:05PM ET",5.767
"1B","Ike Davis",3300,"Det@Oak 10:05PM ET",5.848
"2B/3B","Ryan Flaherty",3300,"Hou@Bal 07:05PM ET",6.231
"2B","Chris Owings",3300,"Ari@StL 08:15PM ET",6.026
"3B/OF","Brock Holt",3300,"Bos@Min 08:10PM ET",6.000
"C","Mike Zunino",3300,"Sea@TB 07:10PM ET",4.775
"3B/SS","Adeiny Hechavarria",3300,"Mia@Pit 07:05PM ET",6.522
"SS","Brad Miller",3300,"Sea@TB 07:10PM ET",6.049
"C","Blake Swihart",3300,"Bos@Min 08:10PM ET",3.824
"C","Erik Kratz",3200,"KC@NYY 07:05PM ET",0.500
"C","Miguel Montero",3200,"Was@ChC 07:05PM ET",5.892
"OF","Chris Denorfia",3200,"Was@ChC 07:05PM ET",2.917
"2B/3B","Maicer Izturis",3200,"CWS@Tor 07:07PM ET",0
"OF","David Murphy",3200,"Tex@Cle 07:10PM ET",4.639
"OF","Justin Ruggiano",3200,"Sea@TB 07:10PM ET",3.531
"C","Chris Iannetta",3200,"SD@LAA 10:05PM ET",4.310
"OF","Will Venable",3200,"SD@LAA 10:05PM ET",5.061
"OF","Matt Joyce",3200,"SD@LAA 10:05PM ET",3.525
"2B/3B","Justin Turner",3200,"Atl@LAD 10:10PM ET",5.667
"2B/SS","Danny Espinosa",3200,"Was@ChC 07:05PM ET",6.917
"OF","James Jones",3200,"Sea@TB 07:10PM ET",0
"3B/SS","Jonathan Villar",3200,"Hou@Bal 07:05PM ET",4.000
"2B/SS","Carlos Sanchez",3200,"CWS@Tor 07:07PM ET",2.500
"3B/SS","Jose Iglesias",3200,"Det@Oak 10:05PM ET",6.184
"C","J.T. Realmuto",3200,"Mia@Pit 07:05PM ET",4.939
"1B","C.J. Cron",3200,"SD@LAA 10:05PM ET",3.323
"2B","Dan Uggla",3100,"Was@ChC 07:05PM ET",4.750
"C","Ryan Hanigan",3100,"Bos@Min 08:10PM ET",5.316
"2B/OF","Rickie Weeks",3100,"Sea@TB 07:10PM ET",3.852
"OF","Peter Bourjos",3100,"Ari@StL 08:15PM ET",4.568
"C","Tyler Flowers",3100,"CWS@Tor 07:07PM ET",3.742
"C","Hank Conger",3100,"Hou@Bal 07:05PM ET",4.467
"2B/3B","Danny Valencia",3100,"CWS@Tor 07:07PM ET",5.750
"C","Yasmani Grandal",3100,"Atl@LAD 10:10PM ET",7.212
"3B/SS","Freddy Galvis",3100,"Phi@NYM 07:10PM ET",6.512
"OF","Daniel Nava",3100,"Bos@Min 08:10PM ET",2.741
"1B","Justin Smoak",3100,"CWS@Tor 07:07PM ET",3.600
"2B/3B","Logan Forsythe",3100,"Sea@TB 07:10PM ET",7.267
"C","Caleb Joseph",3100,"Hou@Bal 07:05PM ET",6.657
"2B/SS","Jose Pirela",3100,"KC@NYY 07:05PM ET",1.667
"OF","Michael A. Taylor",3100,"Was@ChC 07:05PM ET",5.156
"C","Andrew Susac",3100,"SF@Mil 08:10PM ET",3.941
"2B/3B","Jedd Gyorko",3100,"SD@LAA 10:05PM ET",3.944
"2B","Tommy La Stella",3100,"Was@ChC 07:05PM ET",4.000
"3B","Juan Uribe",3000,"Atl@LAD 10:10PM ET",3.793
"C","Geovany Soto",3000,"CWS@Tor 07:07PM ET",3.429
"C","Chris Stewart",3000,"Mia@Pit 07:05PM ET",3.867
"OF","Nick Markakis",3000,"Atl@LAD 10:10PM ET",6.512
"C","A.J. Ellis",3000,"Atl@LAD 10:10PM ET",2.333
"C","Kurt Suzuki",3000,"Bos@Min 08:10PM ET",5.250
"2B/SS","Stephen Drew",3000,"KC@NYY 07:05PM ET",4.854
"OF","Justin Maxwell",3000,"SF@Mil 08:10PM ET",5.184
"OF","Paulo Orlando",3000,"KC@NYY 07:05PM ET",5.517
"OF","Gerardo Parra",3000,"SF@Mil 08:10PM ET",5.000
"SS","Everth Cabrera",3000,"Hou@Bal 07:05PM ET",3.920
"3B/SS","Marwin Gonzalez",3000,"Hou@Bal 07:05PM ET",5.233
"OF","David Lough",3000,"Hou@Bal 07:05PM ET",1.577
"2B/SS","Daniel Descalso",3000,"Col@Cin 07:10PM ET",3.152
"1B/OF","Mark Canha",3000,"Det@Oak 10:05PM ET",6.861
"C","James McCann",3000,"Det@Oak 10:05PM ET",5.448
"1B/OF","Corey Hart",2900,"Mia@Pit 07:05PM ET",2.038
"C","Rene Rivera",2900,"Sea@TB 07:10PM ET",3.105
"C","Jose Lobaton",2900,"Was@ChC 07:05PM ET",7.400
"OF","Andre Ethier",2900,"Atl@LAD 10:10PM ET",6.829
"2B/OF","Sean Rodriguez",2900,"Mia@Pit 07:05PM ET",2.361
"1B/3B","Mark Reynolds",2900,"Ari@StL 08:15PM ET",4.526
"OF","Sam Fuld",2900,"Det@Oak 10:05PM ET",4.476
"1B/3B","Adam Rosales",2900,"Tex@Cle 07:10PM ET",4.391
"C","Welington Castillo",2900,"Sea@TB 07:10PM ET",3.074
"2B/SS","Charlie Culberson",2900,"Col@Cin 07:10PM ET",0
"3B","Will Middlebrooks",2900,"SD@LAA 10:05PM ET",5.140
"3B","Conor Gillaspie",2900,"CWS@Tor 07:07PM ET",4.903
"C","Alex Avila",2900,"Det@Oak 10:05PM ET",4.957
"OF","Billy Burns",2900,"Det@Oak 10:05PM ET",7.619
"OF/SS","Eduardo Escobar",2900,"Bos@Min 08:10PM ET",5.250
"OF","Dustin Ackley",2900,"Sea@TB 07:10PM ET",3.462
"1B/OF","Darin Ruf",2900,"Phi@NYM 07:10PM ET",4.375
"2B/OF","Odubel Herrera",2900,"Phi@NYM 07:10PM ET",5.804
"SS","Jose Peraza",2900,"Atl@LAD 10:10PM ET",0
"OF","Tyler Collins",2900,"Det@Oak 10:05PM ET",3.000
"1B/OF","Ryan Rua",2900,"Tex@Cle 07:10PM ET",3.600
"SS","Chris Taylor",2900,"Sea@TB 07:10PM ET",3.706
"C","A.J. Pierzynski",2800,"Atl@LAD 10:10PM ET",7.360
"OF","Ichiro Suzuki",2800,"Mia@Pit 07:05PM ET",4.023
"1B/2B","Jeff Baker",2800,"Mia@Pit 07:05PM ET",2.944
"1B/C","Brayan Pena",2800,"Col@Cin 07:10PM ET",5.000
"OF","Grady Sizemore",2800,"Phi@NYM 07:10PM ET",2.838
"OF","Ryan Raburn",2800,"Tex@Cle 07:10PM ET",4.000
"C","Carlos Ruiz",2800,"Phi@NYM 07:10PM ET",4.353
"2B/SS","Munenori Kawasaki",2800,"CWS@Tor 07:07PM ET",1.667
"2B/3B","Yangervis Solarte",2800,"SD@LAA 10:05PM ET",5.545
"2B/3B","Gordon Beckham",2800,"CWS@Tor 07:07PM ET",3.281
"OF","Junior Lake",2800,"Was@ChC 07:05PM ET",3.875
"1B/OF","Marc Krauss",2800,"SD@LAA 10:05PM ET",4.400
"C","Carlos Perez",2800,"SD@LAA 10:05PM ET",5.000
"3B","Mike Olt",2800,"Was@ChC 07:05PM ET",2.714
"SS","Andrelton Simmons",2800,"Atl@LAD 10:10PM ET",6.909
"OF","Eddie Rosario",2800,"Bos@Min 08:10PM ET",6.286
"SS","Corey Seager",2800,"Atl@LAD 10:10PM ET",0
"3B/OF","Alex Guerrero",2800,"Atl@LAD 10:10PM ET",6.667
"OF","Reed Johnson",2700,"Was@ChC 07:05PM ET",1.667
"C","Gerald Laird",2700,"Ari@StL 08:15PM ET",0.000
"1B","Travis Ishikawa",2700,"SF@Mil 08:10PM ET",0
"OF","Cameron Maybin",2700,"Atl@LAD 10:10PM ET",6.622
"OF","Brennan Boesch",2700,"Col@Cin 07:10PM ET",1.524
"1B/3B","Chris Johnson",2700,"Atl@LAD 10:10PM ET",4.813
"OF","Jake Smolinski",2700,"Tex@Cle 07:10PM ET",3.630
"2B","Eric Sogard",2700,"Det@Oak 10:05PM ET",4.500
"2B","Johnny Giavotella",2700,"SD@LAA 10:05PM ET",4.886
"2B/SS","Tommy Field",2700,"Tex@Cle 07:10PM ET",6.083
"C","John Ryan Murphy",2700,"KC@NYY 07:05PM ET",3.294
"1B","Justin Bour",2700,"Mia@Pit 07:05PM ET",4.280
"SS","Nick Ahmed",2700,"Ari@StL 08:15PM ET",3.718
"2B/3B","Jace Peterson",2700,"Atl@LAD 10:10PM ET",5.659
"C","Kevin Plawecki",2700,"Phi@NYM 07:10PM ET",4.583
"3B/OF","Kelly Johnson",2600,"Atl@LAD 10:10PM ET",6.464
"3B/OF","Don Kelly",2600,"Mia@Pit 07:05PM ET",0.000
"OF","Eric Young Jr.",2600,"Atl@LAD 10:10PM ET",3.375
"2B/SS","Jeff Bianchi",2600,"Bos@Min 08:10PM ET",0.000
"OF","Andrew Lambo",2600,"Mia@Pit 07:05PM ET",0.550
"OF","Abraham Almonte",2600,"SD@LAA 10:05PM ET",2.786
"1B/C","Ryan Lavarnway",2600,"Hou@Bal 07:05PM ET",2.100
"1B/3B","Eric Campbell",2600,"Phi@NYM 07:10PM ET",5.600
"1B/OF","Tyler Moore",2600,"Was@ChC 07:05PM ET",3.000
"3B/SS","Alexi Amarista",2600,"SD@LAA 10:05PM ET",4.000
"C","Josh Phegley",2600,"Det@Oak 10:05PM ET",4.133
"1B","Jason Rogers",2600,"SF@Mil 08:10PM ET",2.462
"2B/SS","Rafael Furcal",2500,"Mia@Pit 07:05PM ET",0
"OF","Jonny Gomes",2500,"Atl@LAD 10:10PM ET",4.690
"C","Carlos Corporan",2500,"Tex@Cle 07:10PM ET",4.526
"2B/SS","Brendan Ryan",2500,"KC@NYY 07:05PM ET",0
"1B/OF","John Mayberry",2500,"Phi@NYM 07:10PM ET",2.583
"C","Tuffy Gosewisch",2500,"Ari@StL 08:15PM ET",4.722
"2B/3B","Steve Tolleson",2500,"CWS@Tor 07:07PM ET",4.611
"2B/3B","Kristopher Negron",2500,"Col@Cin 07:10PM ET",2.385
"C","Roberto Perez",2500,"Tex@Cle 07:10PM ET",5.375
"SS","Hector Gomez",2500,"SF@Mil 08:10PM ET",3.743
"1B","Clint Robinson",2500,"Was@ChC 07:05PM ET",2.276
"3B/SS","Andrew Romine",2500,"Det@Oak 10:05PM ET",2.212
"SS","Ruben Tejada",2500,"Phi@NYM 07:10PM ET",3.895
"C/OF","Chris Herrmann",2500,"Bos@Min 08:10PM ET",3.692
"OF","Slade Heathcott",2500,"KC@NYY 07:05PM ET",9.000
"2B/SS","Luis Sardinas",2500,"SF@Mil 08:10PM ET",5.000
"2B/SS","Taylor Featherston",2500,"SD@LAA 10:05PM ET",1.381
"2B/3B","Cory Spangenberg",2500,"SD@LAA 10:05PM ET",4.026
"2B/3B","Joaquin Arias",2400,"SF@Mil 08:10PM ET",1.652
"C","Drew Butera",2400,"KC@NYY 07:05PM ET",1.867
"C","Josh Thole",2400,"CWS@Tor 07:07PM ET",2.667
"OF","Shane Robinson",2400,"Bos@Min 08:10PM ET",4.741
"1B/C","Jordan Pacheco",2400,"Ari@StL 08:15PM ET",4.261
"C","Sandy Leon",2400,"Bos@Min 08:10PM ET",2.267
"3B/SS","Rafael Ynoa",2400,"Col@Cin 07:10PM ET",2.643
"OF","Cesar Puello",2400,"Phi@NYM 07:10PM ET",0
"2B/3B","Cesar Hernandez",2400,"Phi@NYM 07:10PM ET",3.275
"2B","Hernan Perez",2400,"Det@Oak 10:05PM ET",0.684
"C","Austin Barnes",2400,"Atl@LAD 10:10PM ET",3.000
"3B/SS","Willie Bloomquist",2300,"Sea@TB 07:10PM ET",2.158
"C","David Ross",2300,"Was@ChC 07:05PM ET",2.182
"SS","Clint Barmes",2300,"SD@LAA 10:05PM ET",2.808
"C","Jeff Mathis",2300,"Mia@Pit 07:05PM ET",0.667
"2B/OF","Skip Schumaker",2300,"Col@Cin 07:10PM ET",2.038
"2B/3B","Alberto Callaspo",2300,"Atl@LAD 10:10PM ET",3.816
"3B/SS","Jonathan Herrera",2300,"Was@ChC 07:05PM ET",3.190
"2B/SS","Gregorio Petit",2300,"KC@NYY 07:05PM ET",3.235
"C","Martin Maldonado",2300,"SF@Mil 08:10PM ET",3.400
"2B/SS","Cliff Pennington",2300,"Ari@StL 08:15PM ET",2.370
"OF/SS","Elian Herrera",2300,"SF@Mil 08:10PM ET",4.375
"C","Jhonatan Solano",2300,"Mia@Pit 07:05PM ET",1.833
"OF","Collin Cowgill",2300,"SD@LAA 10:05PM ET",2.111
"OF","Joey Butler",2300,"Sea@TB 07:10PM ET",5.444
"1B/C","Tommy Joseph",2300,"Phi@NYM 07:10PM ET",0
"2B/SS","Ryan Goins",2300,"CWS@Tor 07:07PM ET",4.471
"2B/OF","Kike Hernandez",2300,"Atl@LAD 10:10PM ET",4.267
"C","Christian Bethancourt",2300,"Atl@LAD 10:10PM ET",4.400
"2B","Ryan Brett",2300,"Sea@TB 07:10PM ET",3.333
"2B","Donovan Solano",2200,"Mia@Pit 07:05PM ET",1.909
"2B/SS","Justin Sellers",2200,"Mia@Pit 07:05PM ET",0
"OF","J.B. Shuck",2200,"CWS@Tor 07:07PM ET",2.364
"C","Tucker Barnhart",2200,"Col@Cin 07:10PM ET",4.500
"1B","Max Muncy",2200,"Det@Oak 10:05PM ET",4.700
"OF","Todd Cunningham",2200,"Atl@LAD 10:10PM ET",5.700
"C","Bryan Holaday",2200,"Det@Oak 10:05PM ET",9.250
"C","Rob Brantly",2200,"CWS@Tor 07:07PM ET",0
"OF","Jason Bourgeois",2100,"Col@Cin 07:10PM ET",0
"OF","Jeff Francoeur",2100,"Phi@NYM 07:10PM ET",4.308
"OF","Tommy Pham",2100,"Ari@StL 08:15PM ET",0
"OF","Brian Goodwin",2100,"Was@ChC 07:05PM ET",0
"2B/3B","Phil Gosselin",2100,"Atl@LAD 10:10PM ET",3.450
"C","Cameron Rupp",2100,"Phi@NYM 07:10PM ET",3.571
"3B/SS","Andres Blanco",2000,"Phi@NYM 07:10PM ET",1.833
"C","Bobby Wilson",2000,"Sea@TB 07:10PM ET",2.158
"2B/3B","Pedro Ciriaco",2000,"Atl@LAD 10:10PM ET",3.077
"OF","Mike Baxter",2000,"Was@ChC 07:05PM ET",0.333
"3B","Josh Vitters",2000,"Was@ChC 07:05PM ET",0
"C","Juan Centeno",2000,"SF@Mil 08:10PM ET",1.125
"2B/SS","Andy Parrino",2000,"Det@Oak 10:05PM ET",0.500
"C","Tony Cruz",2000,"Ari@StL 08:15PM ET",1.875
"2B/SS","Pete Kozma",2000,"Ari@StL 08:15PM ET",1.800
"SS","Tyler Ladendorf",2000,"Det@Oak 10:05PM ET",5.750
"OF","Darrell Ceciliani",2000,"Phi@NYM 07:10PM ET",1.600
"2B/SS","Dixon Machado",2000,"Det@Oak 10:05PM ET",0.000
"2B","Danny Muno",2000,"Phi@NYM 07:10PM ET",1.600
"OF","Joey Terdoslavich",2000,"Atl@LAD 10:10PM ET",0
"C","Oscar Hernandez",2000,"Ari@StL 08:15PM ET",0
"SS","Wilmer Difo",2000,"Was@ChC 07:05PM ET",1.000
"C","Austin Hedges",2000,"SD@LAA 10:05PM ET",1.250
